Designator,mid x,mid y,Rotation,layer
C1,45.15,25.15,90,Top
C2,50.20,25.17,90,Top
C3,38.72,19.18,0,Top
C4,52.85,25.09,90,Top
C5,58.71,19.81,0,Top
C6,60.36,25.17,90,Top
C7,70.22,32.77,90,Top
C8,62.93,32.72,90,Top
C9,66.84,9.98,0,Top
C10,75.60,25.15,90,Top
C11,71.01,58.85,0,Top
C12,76.97,42.06,0,Top
C13,69.30,82.63,90,Top
C15,82.92,85.14,90,Top
C18,12.84,30.94,0,Top
C19,6.03,33.50,0,Top
C20,6.08,30.94,0,Top
C23,27.37,34.70,90,Top
C24,75.65,16.74,90,Top
C25,72.78,16.74,90,Top
C26,64.27,16.61,0,Top
C27,62.93,25.17,90,Top
C28,66.81,13.11,0,Top
C29,70.57,25.15,90,Top
C30,58.89,71.60,0,Top
C16,82.94,91.72,270,Top
R1,44.07,21.70,0,Top
R2,47.72,25.19,90,Top
R3,36.50,21.70,0,Top
R4,55.29,25.19,90,Top
R6,57.88,25.09,90,Top
R7,76.19,31.76,0,Top
R8,66.67,31.76,0,Top
R9,34.02,84.51,90,Top
R10,34.02,91.76,90,Top
R11,31.48,84.51,90,Top
R12,31.53,91.76,90,Top
R13,16.61,91.81,90,Top
R14,16.56,84.56,90,Top
R15,13.70,91.76,90,Top
R16,13.70,84.48,90,Top
R21,72.80,32.81,90,Top
R22,73.07,25.14,90,Top
R23,88.41,52.18,0,Top
R24,88.36,54.72,0,Top
R25,45.61,54.98,0,Top
R27,45.55,52.50,0,Top
R29,88.47,36.94,0,Top
R30,88.41,39.48,0,Top
R31,45.55,45.19,0,Top
R32,45.55,47.68,0,Top
R35,88.41,56.89,0,Top
R36,88.36,41.65,0,Top
R37,88.47,49.96,0,Top
R38,88.47,34.77,0,Top
R39,80.15,13.51,0,Top
R40,84.47,13.46,0,Top
R41,12.84,33.43,0,Top
R48,45.12,67.03,90,Top
R49,28.03,67.03,90,Top
R50,45.15,71.96,90,Top
R51,27.98,71.98,90,Top
R54,35.65,37.69,90,Top
R55,36.59,67.08,90,Top
R56,53.73,67.03,90,Top
R57,36.59,71.98,90,Top
R58,53.78,71.98,90,Top
R59,90.94,24.59,0,Top
R60,90.94,13.77,0,Top
R61,58.89,74.12,0,Top
R62,30.54,37.69,90,Top
R63,47.33,11.96,90,Top
R64,65.44,25.17,90,Top
R65,67.98,25.15,90,Top
R66,40.93,55.07,0,Top
R67,40.93,52.48,0,Top
R68,40.93,47.75,0,Top
R69,40.93,45.21,0,Top
R70,2.37,47.75,0,Top
R71,2.40,44.25,0,Top
R72,2.37,40.77,0,Top
R73,2.35,37.24,0,Top
D17,12.13,47.70,180,Top
D18,12.13,44.25,180,Top
D19,12.23,40.74,180,Top
D20,12.15,37.26,180,Top
LED1,36.16,55.02,0,Top
LED2,36.18,52.45,0,Top
LED3,36.18,47.75,0,Top
LED4,36.16,45.24,0,Top
LED5,6.64,47.73,180,Top
LED6,6.64,44.22,180,Top
LED7,6.64,40.69,180,Top
LED8,6.64,37.29,180,Top
IC4,55.58,39.06,0,Top
IC6,33.64,8.41,90,Top
IC1,79.62,55.63,90,Top
IC2,79.46,45.77,90,Top
